timestamp;svg
2024-03-25T22:05:12;113
2024-03-25T22:10:13;119
2024-03-25T22:17:13;125
2024-03-25T22:22:14;132
2024-03-25T22:27:15;144
2024-03-25T22:33:15;155
2024-03-25T22:39:16;168
2024-03-25T22:44:16;180
2024-03-25T22:49:18;192
2024-03-25T22:55:18;204
2024-03-25T23:00:20;214
2024-03-25T23:05:19;227
2024-03-25T23:10:20;234
2024-03-25T23:15:20;237
2024-03-25T23:20:21;242
2024-03-25T23:25:22;249
2024-03-25T23:30:22;254
2024-03-25T23:35:24;261
2024-03-25T23:43:23;267
2024-03-25T23:48:23;276
2024-03-25T23:53:24;281
2024-03-25T23:58:26;281
